{
    "lr-AdamW": 2.5e-06,
    "train": {
        "loss": 0.006200303789228201,
        "precision_macro": 0.983320951461792,
        "recall_macro": 0.9856144189834595,
        "f1_macro": 0.9844613075256348,
        "precision_O": 0.9980340003967285,
        "recall_O": 0.997202455997467,
        "f1_O": 0.9976180195808411,
        "precision_B-OBJECT": 0.9736998081207275,
        "recall_B-OBJECT": 0.9728175401687622,
        "f1_B-OBJECT": 0.9732584953308105,
        "precision_I-OBJECT": 0.9782291054725647,
        "recall_I-OBJECT": 0.9868232011795044,
        "f1_I-OBJECT": 0.9825074076652527
    },
    "epoch": 18,
    "step": 30654,
    "val": {
        "loss": 0.032188400626182556,
        "precision_macro": 0.9296439290046692,
        "recall_macro": 0.9573552012443542,
        "f1_macro": 0.943138837814331,
        "precision_O": 0.9972534775733948,
        "recall_O": 0.9944179058074951,
        "f1_O": 0.995833694934845,
        "precision_B-OBJECT": 0.8935233950614929,
        "recall_B-OBJECT": 0.9245283007621765,
        "f1_B-OBJECT": 0.9087614417076111,
        "precision_I-OBJECT": 0.8981548547744751,
        "recall_I-OBJECT": 0.9531195163726807,
        "f1_I-OBJECT": 0.9248212575912476
    },
    "test": {
        "loss": 0.03510444238781929,
        "precision_macro": 0.9182134866714478,
        "recall_macro": 0.9511923789978027,
        "f1_macro": 0.9341267347335815,
        "precision_O": 0.9971590638160706,
        "recall_O": 0.9937615990638733,
        "f1_O": 0.9954574704170227,
        "precision_B-OBJECT": 0.8848179578781128,
        "recall_B-OBJECT": 0.9132592678070068,
        "f1_B-OBJECT": 0.8988136649131775,
        "precision_I-OBJECT": 0.8726635575294495,
        "recall_I-OBJECT": 0.9465563297271729,
        "f1_I-OBJECT": 0.9081092476844788
    }
}
