{
    "train": {
        "loss": 0.006726277060806751,
        "precision_macro": 0.9769389629364014,
        "recall_macro": 0.990352213382721,
        "f1_macro": 0.9835706353187561,
        "precision_O": 0.9992550611495972,
        "recall_O": 0.9972338676452637,
        "f1_O": 0.9982434511184692,
        "precision_B-SPELL": 0.9753584861755371,
        "recall_B-SPELL": 0.9837642312049866,
        "f1_B-SPELL": 0.9795433282852173,
        "precision_I-SPELL": 0.979153573513031,
        "recall_I-SPELL": 0.9901747703552246,
        "f1_I-SPELL": 0.9846333265304565,
        "precision_B-MONSTER": 0.9501479864120483,
        "recall_B-MONSTER": 0.9845395088195801,
        "f1_B-MONSTER": 0.9670380353927612,
        "precision_I-MONSTER": 0.9728364944458008,
        "recall_I-MONSTER": 0.9934181571006775,
        "f1_I-MONSTER": 0.9830195903778076,
        "precision_B-ITEM": 0.9763471484184265,
        "recall_B-ITEM": 0.9894853234291077,
        "f1_B-ITEM": 0.9828723669052124,
        "precision_I-ITEM": 0.9854738712310791,
        "recall_I-ITEM": 0.9938497543334961,
        "f1_I-ITEM": 0.9896441102027893
    },
    "epoch": 27,
    "step": 46749,
    "val": {
        "loss": 0.06187545135617256,
        "precision_macro": 0.7754949331283569,
        "recall_macro": 0.8703905344009399,
        "f1_macro": 0.81743323802948,
        "precision_O": 0.9965514540672302,
        "recall_O": 0.993654727935791,
        "f1_O": 0.9951009750366211,
        "precision_B-SPELL": 0.9315927028656006,
        "recall_B-SPELL": 0.9653679728507996,
        "f1_B-SPELL": 0.9481796622276306,
        "precision_I-SPELL": 0.9351781606674194,
        "recall_I-SPELL": 0.957210898399353,
        "f1_I-SPELL": 0.9460662603378296,
        "precision_B-MONSTER": 0.6444212794303894,
        "recall_B-MONSTER": 0.7696139216423035,
        "f1_B-MONSTER": 0.7014756202697754,
        "precision_I-MONSTER": 0.7137208580970764,
        "recall_I-MONSTER": 0.8242009282112122,
        "f1_I-MONSTER": 0.7649925947189331,
        "precision_B-ITEM": 0.5121951103210449,
        "recall_B-ITEM": 0.75,
        "f1_B-ITEM": 0.6086956262588501,
        "precision_I-ITEM": 0.6948052048683167,
        "recall_I-ITEM": 0.8326848149299622,
        "f1_I-ITEM": 0.7575221061706543
    }
}
