{
    "lr-AdamW": 1.5625e-07,
    "train": {
        "loss": 0.03435495123267174,
        "precision_macro": 0.9431508183479309,
        "recall_macro": 0.9279199838638306,
        "f1_macro": 0.9353368878364563,
        "precision_O": 0.9960147738456726,
        "recall_O": 0.9974008202552795,
        "f1_O": 0.9967073202133179,
        "precision_B-SPELL": 0.906950056552887,
        "recall_B-SPELL": 0.859161376953125,
        "f1_B-SPELL": 0.8824091553688049,
        "precision_I-SPELL": 0.994183361530304,
        "recall_I-SPELL": 0.9953775405883789,
        "f1_I-SPELL": 0.9947801232337952,
        "precision_B-MONSTER": 0.8701145648956299,
        "recall_B-MONSTER": 0.8225367069244385,
        "f1_B-MONSTER": 0.8456569910049438,
        "precision_I-MONSTER": 0.9955636858940125,
        "recall_I-MONSTER": 0.9961534142494202,
        "f1_I-MONSTER": 0.9958584904670715,
        "precision_B-ITEM": 0.8455009460449219,
        "recall_B-ITEM": 0.8298138976097107,
        "f1_B-ITEM": 0.8375839591026306,
        "precision_I-ITEM": 0.9937282800674438,
        "recall_I-ITEM": 0.9949966073036194,
        "f1_I-ITEM": 0.9943620562553406
    },
    "epoch": 22,
    "step": 38016,
    "val": {
        "loss": 0.09075453132390976,
        "precision_macro": 0.574800431728363,
        "recall_macro": 0.6724595427513123,
        "f1_macro": 0.601212739944458,
        "precision_O": 0.9843469858169556,
        "recall_O": 0.9862155914306641,
        "f1_O": 0.9852803945541382,
        "precision_B-SPELL": 0.8462647199630737,
        "recall_B-SPELL": 0.9531926512718201,
        "f1_B-SPELL": 0.8965517282485962,
        "precision_I-SPELL": 0.8764940500259399,
        "recall_I-SPELL": 0.6097877621650696,
        "f1_I-SPELL": 0.7192113399505615,
        "precision_B-MONSTER": 0.46507352590560913,
        "recall_B-MONSTER": 0.6301369667053223,
        "f1_B-MONSTER": 0.5351665616035461,
        "precision_I-MONSTER": 0.3587254285812378,
        "recall_I-MONSTER": 0.6579908728599548,
        "f1_I-MONSTER": 0.4643144905567169,
        "precision_B-ITEM": 0.22580644488334656,
        "recall_B-ITEM": 0.5625,
        "f1_B-ITEM": 0.322250634431839,
        "precision_I-ITEM": 0.2668918967247009,
        "recall_I-ITEM": 0.30739298462867737,
        "f1_I-ITEM": 0.2857142984867096
    },
    "test": {
        "loss": 0.08491169661283493,
        "precision_macro": 0.580421507358551,
        "recall_macro": 0.6610150337219238,
        "f1_macro": 0.6026638746261597,
        "precision_O": 0.9847855567932129,
        "recall_O": 0.9880669713020325,
        "f1_O": 0.9864235520362854,
        "precision_B-SPELL": 0.8222450613975525,
        "recall_B-SPELL": 0.9563788175582886,
        "f1_B-SPELL": 0.8842541575431824,
        "precision_I-SPELL": 0.8572003245353699,
        "recall_I-SPELL": 0.5928776860237122,
        "f1_I-SPELL": 0.7009484171867371,
        "precision_B-MONSTER": 0.4819149076938629,
        "recall_B-MONSTER": 0.5976253151893616,
        "f1_B-MONSTER": 0.5335689187049866,
        "precision_I-MONSTER": 0.4000000059604645,
        "recall_I-MONSTER": 0.6214745044708252,
        "f1_I-MONSTER": 0.48672738671302795,
        "precision_B-ITEM": 0.23745819926261902,
        "recall_B-ITEM": 0.5634920597076416,
        "f1_B-ITEM": 0.3341176509857178,
        "precision_I-ITEM": 0.27934619784355164,
        "recall_I-ITEM": 0.30718955397605896,
        "f1_I-ITEM": 0.29260700941085815
    }
}
