{
    "train": {
        "loss": 0.0012540450552478433,
        "precision_macro": 0.9868690371513367,
        "recall_macro": 0.987159013748169,
        "f1_macro": 0.987013578414917,
        "precision_O": 0.9998437166213989,
        "recall_O": 0.9998351335525513,
        "f1_O": 0.9998394250869751,
        "precision_B-SPELL": 0.993717610836029,
        "recall_B-SPELL": 0.9942647218704224,
        "f1_B-SPELL": 0.9939910769462585,
        "precision_I-SPELL": 0.9993442893028259,
        "recall_I-SPELL": 0.9993762373924255,
        "f1_I-SPELL": 0.9993602633476257,
        "precision_B-MONSTER": 0.9534327387809753,
        "recall_B-MONSTER": 0.9566020369529724,
        "f1_B-MONSTER": 0.9550147652626038,
        "precision_I-MONSTER": 0.9977936744689941,
        "recall_I-MONSTER": 0.9974415302276611,
        "f1_I-MONSTER": 0.9976176023483276,
        "precision_B-ITEM": 0.9662231206893921,
        "recall_B-ITEM": 0.9662231206893921,
        "f1_B-ITEM": 0.9662231206893921,
        "precision_I-ITEM": 0.9977282881736755,
        "recall_I-ITEM": 0.996370255947113,
        "f1_I-ITEM": 0.9970487952232361
    },
    "epoch": 50,
    "step": 25150,
    "val": {
        "loss": 0.019341321662068367,
        "precision_macro": 0.9429129362106323,
        "recall_macro": 0.8835521340370178,
        "f1_macro": 0.9108489751815796,
        "precision_O": 0.9987939596176147,
        "recall_O": 0.9990839958190918,
        "f1_O": 0.9989389777183533,
        "precision_B-SPELL": 0.9613508582115173,
        "recall_B-SPELL": 0.9726651310920715,
        "f1_B-SPELL": 0.9669749140739441,
        "precision_I-SPELL": 0.9818935990333557,
        "recall_I-SPELL": 0.9960740208625793,
        "f1_I-SPELL": 0.9889329671859741,
        "precision_B-MONSTER": 0.8191056847572327,
        "recall_B-MONSTER": 0.7145389914512634,
        "f1_B-MONSTER": 0.7632575631141663,
        "precision_I-MONSTER": 0.9862475395202637,
        "recall_I-MONSTER": 0.9152233600616455,
        "f1_I-MONSTER": 0.949409008026123,
        "precision_B-ITEM": 0.8627451062202454,
        "recall_B-ITEM": 0.6929134130477905,
        "f1_B-ITEM": 0.7685589790344238,
        "precision_I-ITEM": 0.9902533888816833,
        "recall_I-ITEM": 0.8943662047386169,
        "f1_I-ITEM": 0.9398704767227173
    },
    "test": {
        "loss": 0.04418517276644707,
        "precision_macro": 0.8707348108291626,
        "recall_macro": 0.834477424621582,
        "f1_macro": 0.8513407707214355,
        "precision_O": 0.9968761801719666,
        "recall_O": 0.997188925743103,
        "f1_O": 0.9970325231552124,
        "precision_B-SPELL": 0.9413005113601685,
        "recall_B-SPELL": 0.9734641909599304,
        "f1_B-SPELL": 0.9571122527122498,
        "precision_I-SPELL": 0.9652705788612366,
        "recall_I-SPELL": 0.9571778774261475,
        "f1_I-SPELL": 0.9612071514129639,
        "precision_B-MONSTER": 0.7321131229400635,
        "recall_B-MONSTER": 0.6811145544052124,
        "f1_B-MONSTER": 0.7056936621665955,
        "precision_I-MONSTER": 0.7604084610939026,
        "recall_I-MONSTER": 0.7509697675704956,
        "f1_I-MONSTER": 0.7556596398353577,
        "precision_B-ITEM": 0.8282828330993652,
        "recall_B-ITEM": 0.7068965435028076,
        "f1_B-ITEM": 0.7627906799316406,
        "precision_I-ITEM": 0.8708920478820801,
        "recall_I-ITEM": 0.774530291557312,
        "f1_I-ITEM": 0.819889485836029
    }
}
