{
    "train": {
        "loss": 0.001150790834799409,
        "precision_macro": 0.9837106466293335,
        "recall_macro": 0.9959917664527893,
        "f1_macro": 0.9896992444992065,
        "precision_O": 0.9999353885650635,
        "recall_O": 0.999717652797699,
        "f1_O": 0.9998264908790588,
        "precision_B-SPELL": 0.9921265840530396,
        "recall_B-SPELL": 0.9974379539489746,
        "f1_B-SPELL": 0.9947751760482788,
        "precision_I-SPELL": 0.9994967579841614,
        "recall_I-SPELL": 0.9997053742408752,
        "f1_I-SPELL": 0.9996010661125183,
        "precision_B-MONSTER": 0.9244444370269775,
        "recall_B-MONSTER": 0.9856151342391968,
        "f1_B-MONSTER": 0.9540503025054932,
        "precision_I-MONSTER": 0.999493420124054,
        "recall_I-MONSTER": 0.999809980392456,
        "f1_I-MONSTER": 0.9996516704559326,
        "precision_B-ITEM": 0.9729257822036743,
        "recall_B-ITEM": 0.9902222156524658,
        "f1_B-ITEM": 0.9814978241920471,
        "precision_I-ITEM": 0.9975522756576538,
        "recall_I-ITEM": 0.9994340538978577,
        "f1_I-ITEM": 0.9984923005104065
    },
    "epoch": 50,
    "step": 40250,
    "val": {
        "loss": 0.09536829590797424,
        "precision_macro": 0.8395411372184753,
        "recall_macro": 0.7790921926498413,
        "f1_macro": 0.803397536277771,
        "precision_O": 0.9939587116241455,
        "recall_O": 0.9950162172317505,
        "f1_O": 0.9944871664047241,
        "precision_B-SPELL": 0.9416126012802124,
        "recall_B-SPELL": 0.9599999785423279,
        "f1_B-SPELL": 0.9507173895835876,
        "precision_I-SPELL": 0.9158065319061279,
        "recall_I-SPELL": 0.9029232859611511,
        "f1_I-SPELL": 0.909319281578064,
        "precision_B-MONSTER": 0.7612903118133545,
        "recall_B-MONSTER": 0.7994579672813416,
        "f1_B-MONSTER": 0.7799074649810791,
        "precision_I-MONSTER": 0.79833984375,
        "recall_I-MONSTER": 0.7785714268684387,
        "f1_I-MONSTER": 0.7883317470550537,
        "precision_B-ITEM": 0.656862735748291,
        "recall_B-ITEM": 0.47183099389076233,
        "f1_B-ITEM": 0.5491803288459778,
        "precision_I-ITEM": 0.808917224407196,
        "recall_I-ITEM": 0.5458452701568604,
        "f1_I-ITEM": 0.6518391966819763
    },
    "test": {
        "loss": 0.09881310164928436,
        "precision_macro": 0.8730363845825195,
        "recall_macro": 0.7907721400260925,
        "f1_macro": 0.8245711922645569,
        "precision_O": 0.9936560988426208,
        "recall_O": 0.9946383237838745,
        "f1_O": 0.9941469430923462,
        "precision_B-SPELL": 0.9324244260787964,
        "recall_B-SPELL": 0.9650306701660156,
        "f1_B-SPELL": 0.9484474062919617,
        "precision_I-SPELL": 0.9053747057914734,
        "recall_I-SPELL": 0.9121067523956299,
        "f1_I-SPELL": 0.908728301525116,
        "precision_B-MONSTER": 0.7756654024124146,
        "recall_B-MONSTER": 0.7285714149475098,
        "f1_B-MONSTER": 0.7513812184333801,
        "precision_I-MONSTER": 0.7595687508583069,
        "recall_I-MONSTER": 0.7034448385238647,
        "f1_I-MONSTER": 0.7304302453994751,
        "precision_B-ITEM": 0.8677685856819153,
        "recall_B-ITEM": 0.686274528503418,
        "f1_B-ITEM": 0.7664233446121216,
        "precision_I-ITEM": 0.8767967224121094,
        "recall_I-ITEM": 0.5453384518623352,
        "f1_I-ITEM": 0.6724409461021423
    }
}
