{
    "train": {
        "loss": 0.0005234338459558785,
        "precision_macro": 0.9769723415374756,
        "recall_macro": 0.9815638065338135,
        "f1_macro": 0.9792068004608154,
        "precision_O": 0.9996227025985718,
        "recall_O": 0.9993538856506348,
        "f1_O": 0.9994882941246033,
        "precision_B-SPELL": 0.9924757480621338,
        "recall_B-SPELL": 0.9936522245407104,
        "f1_B-SPELL": 0.9930636286735535,
        "precision_I-SPELL": 0.9955454468727112,
        "recall_I-SPELL": 0.9959732294082642,
        "f1_I-SPELL": 0.9957593083381653,
        "precision_B-MONSTER": 0.945637583732605,
        "recall_B-MONSTER": 0.953799307346344,
        "f1_B-MONSTER": 0.9497008919715881,
        "precision_I-MONSTER": 0.9448981881141663,
        "recall_I-MONSTER": 0.9818849563598633,
        "f1_I-MONSTER": 0.9630365967750549,
        "precision_B-ITEM": 0.9738267064094543,
        "recall_B-ITEM": 0.9591110944747925,
        "f1_B-ITEM": 0.9664129018783569,
        "precision_I-ITEM": 0.9867998957633972,
        "recall_I-ITEM": 0.9871722459793091,
        "f1_I-ITEM": 0.9869860410690308
    },
    "epoch": 50,
    "step": 40250,
    "val": {
        "loss": 0.06111382693052292,
        "precision_macro": 0.8521686792373657,
        "recall_macro": 0.7814384698867798,
        "f1_macro": 0.8134489059448242,
        "precision_O": 0.9946677088737488,
        "recall_O": 0.9961833357810974,
        "f1_O": 0.9954249262809753,
        "precision_B-SPELL": 0.9566752314567566,
        "recall_B-SPELL": 0.9388976097106934,
        "f1_B-SPELL": 0.9477030634880066,
        "precision_I-SPELL": 0.9291964769363403,
        "recall_I-SPELL": 0.9322558045387268,
        "f1_I-SPELL": 0.9307236671447754,
        "precision_B-MONSTER": 0.845329225063324,
        "recall_B-MONSTER": 0.7479674816131592,
        "f1_B-MONSTER": 0.7936736345291138,
        "precision_I-MONSTER": 0.8598726391792297,
        "recall_I-MONSTER": 0.7714285850524902,
        "f1_I-MONSTER": 0.8132529854774475,
        "precision_B-ITEM": 0.6000000238418579,
        "recall_B-ITEM": 0.48591548204421997,
        "f1_B-ITEM": 0.5369649529457092,
        "precision_I-ITEM": 0.7794392704963684,
        "recall_I-ITEM": 0.5974212288856506,
        "f1_I-ITEM": 0.6763990521430969
    },
    "test": {
        "loss": 0.06805131584405899,
        "precision_macro": 0.889762282371521,
        "recall_macro": 0.7908891439437866,
        "f1_macro": 0.8343673348426819,
        "precision_O": 0.9940953254699707,
        "recall_O": 0.9960724115371704,
        "f1_O": 0.9950829148292542,
        "precision_B-SPELL": 0.9470300078392029,
        "recall_B-SPELL": 0.9487730264663696,
        "f1_B-SPELL": 0.9479007124900818,
        "precision_I-SPELL": 0.927085280418396,
        "recall_I-SPELL": 0.9345090389251709,
        "f1_I-SPELL": 0.9307823777198792,
        "precision_B-MONSTER": 0.8464977741241455,
        "recall_B-MONSTER": 0.6761904954910278,
        "f1_B-MONSTER": 0.7518199682235718,
        "precision_I-MONSTER": 0.8270999193191528,
        "recall_I-MONSTER": 0.6734897494316101,
        "f1_I-MONSTER": 0.7424325942993164,
        "precision_B-ITEM": 0.8032786846160889,
        "recall_B-ITEM": 0.6405228972434998,
        "f1_B-ITEM": 0.7127272486686707,
        "precision_I-ITEM": 0.8832487463951111,
        "recall_I-ITEM": 0.6666666865348816,
        "f1_I-ITEM": 0.7598253488540649
    }
}
