{
    "lr-AdamW": 5e-06,
    "train": {
        "loss": 0.01711605116724968,
        "precision_macro": 0.9750359058380127,
        "recall_macro": 0.9755951166152954,
        "f1_macro": 0.9753066897392273,
        "precision_O": 0.9965241551399231,
        "recall_O": 0.9957596063613892,
        "f1_O": 0.9961417317390442,
        "precision_B-OBJECT": 0.9610643982887268,
        "recall_B-OBJECT": 0.9552759528160095,
        "f1_B-OBJECT": 0.9581614136695862,
        "precision_I-OBJECT": 0.9675190448760986,
        "recall_I-OBJECT": 0.9757497906684875,
        "f1_I-OBJECT": 0.9716169834136963
    },
    "epoch": 25,
    "step": 42575,
    "val": {
        "loss": 0.03150179609656334,
        "precision_macro": 0.9275357127189636,
        "recall_macro": 0.9585654735565186,
        "f1_macro": 0.9425873160362244,
        "precision_O": 0.9973387122154236,
        "recall_O": 0.9938223958015442,
        "f1_O": 0.9955774545669556,
        "precision_B-OBJECT": 0.8921443819999695,
        "recall_B-OBJECT": 0.925550639629364,
        "f1_B-OBJECT": 0.9085405468940735,
        "precision_I-OBJECT": 0.8931241035461426,
        "recall_I-OBJECT": 0.9563235640525818,
        "f1_I-OBJECT": 0.9236440062522888
    },
    "test": {
        "loss": 0.034743014723062515,
        "precision_macro": 0.9173234701156616,
        "recall_macro": 0.9525985717773438,
        "f1_macro": 0.9342927932739258,
        "precision_O": 0.9972375631332397,
        "recall_O": 0.9932581782341003,
        "f1_O": 0.9952439069747925,
        "precision_B-OBJECT": 0.8850386142730713,
        "recall_B-OBJECT": 0.915032684803009,
        "f1_B-OBJECT": 0.8997857570648193,
        "precision_I-OBJECT": 0.8696944117546082,
        "recall_I-OBJECT": 0.9495047330856323,
        "f1_I-OBJECT": 0.9078488945960999
    }
}
