{
    "test": {
        "loss": 0.06501259654760361,
        "precision_macro": 0.7698308229446411,
        "recall_macro": 0.8677796125411987,
        "f1_macro": 0.8138575553894043,
        "precision_O": 0.997004508972168,
        "recall_O": 0.9931616187095642,
        "f1_O": 0.9950793385505676,
        "precision_B-SPELL": 0.9155405163764954,
        "recall_B-SPELL": 0.9716163873672485,
        "f1_B-SPELL": 0.9427453279495239,
        "precision_I-SPELL": 0.9091307520866394,
        "recall_I-SPELL": 0.9612352848052979,
        "f1_I-SPELL": 0.9344572424888611,
        "precision_B-MONSTER": 0.6419889330863953,
        "recall_B-MONSTER": 0.7664907574653625,
        "f1_B-MONSTER": 0.6987372040748596,
        "precision_I-MONSTER": 0.7292841672897339,
        "recall_I-MONSTER": 0.8317664265632629,
        "f1_I-MONSTER": 0.7771613597869873,
        "precision_B-ITEM": 0.5314285755157471,
        "recall_B-ITEM": 0.738095223903656,
        "f1_B-ITEM": 0.6179401874542236,
        "precision_I-ITEM": 0.6644384860992432,
        "recall_I-ITEM": 0.8120915293693542,
        "f1_I-ITEM": 0.7308823466300964
    },
    "epoch": 0,
    "step": 1
}
