{
    "train": {
        "loss": 1.0378203114669304e-06,
        "precision_macro": 0.9930526614189148,
        "recall_macro": 0.9920706152915955,
        "f1_macro": 0.9925600290298462,
        "precision_O": 0.9998484253883362,
        "recall_O": 0.9998521208763123,
        "f1_O": 0.9998502731323242,
        "precision_B-SPELL": 0.9959629774093628,
        "recall_B-SPELL": 0.9966132044792175,
        "f1_B-SPELL": 0.996288001537323,
        "precision_I-SPELL": 0.9996705651283264,
        "recall_I-SPELL": 0.9996837377548218,
        "f1_I-SPELL": 0.9996771216392517,
        "precision_B-MONSTER": 0.9700568914413452,
        "recall_B-MONSTER": 0.9645708799362183,
        "f1_B-MONSTER": 0.9673060774803162,
        "precision_I-MONSTER": 0.9987984299659729,
        "recall_I-MONSTER": 0.9992408156394958,
        "f1_I-MONSTER": 0.9990195631980896,
        "precision_B-ITEM": 0.9889298677444458,
        "recall_B-ITEM": 0.9852941036224365,
        "f1_B-ITEM": 0.9871086478233337,
        "precision_I-ITEM": 0.9981017708778381,
        "recall_I-ITEM": 0.9992398619651794,
        "f1_I-ITEM": 0.9986704587936401
    },
    "epoch": 50,
    "step": 32250,
    "val": {
        "loss": 0.03855833783745766,
        "precision_macro": 0.8644962310791016,
        "recall_macro": 0.8473423719406128,
        "f1_macro": 0.8552913665771484,
        "precision_O": 0.9963720440864563,
        "recall_O": 0.9962595701217651,
        "f1_O": 0.9963158369064331,
        "precision_B-SPELL": 0.9758630990982056,
        "recall_B-SPELL": 0.9720024466514587,
        "f1_B-SPELL": 0.9739289283752441,
        "precision_I-SPELL": 0.9713592529296875,
        "recall_I-SPELL": 0.9720197916030884,
        "f1_I-SPELL": 0.9716894030570984,
        "precision_B-MONSTER": 0.7960057258605957,
        "recall_B-MONSTER": 0.7571234703063965,
        "f1_B-MONSTER": 0.7760778665542603,
        "precision_I-MONSTER": 0.7679345011711121,
        "recall_I-MONSTER": 0.8104674816131592,
        "f1_I-MONSTER": 0.7886279225349426,
        "precision_B-ITEM": 0.7410714030265808,
        "recall_B-ITEM": 0.6484375,
        "f1_B-ITEM": 0.6916666626930237,
        "precision_I-ITEM": 0.8028674125671387,
        "recall_I-ITEM": 0.775086522102356,
        "f1_I-ITEM": 0.7887324094772339
    },
    "test": {
        "loss": 0.03615546599030495,
        "precision_macro": 0.8408007621765137,
        "recall_macro": 0.831792950630188,
        "f1_macro": 0.8354150056838989,
        "precision_O": 0.9968792200088501,
        "recall_O": 0.9959526658058167,
        "f1_O": 0.9964156746864319,
        "precision_B-SPELL": 0.9629512429237366,
        "recall_B-SPELL": 0.9774991869926453,
        "f1_B-SPELL": 0.9701706767082214,
        "precision_I-SPELL": 0.9703229665756226,
        "recall_I-SPELL": 0.9799830317497253,
        "f1_I-SPELL": 0.9751290678977966,
        "precision_B-MONSTER": 0.7909356951713562,
        "recall_B-MONSTER": 0.7662889361381531,
        "f1_B-MONSTER": 0.7784172892570496,
        "precision_I-MONSTER": 0.7524703741073608,
        "recall_I-MONSTER": 0.8263700604438782,
        "f1_I-MONSTER": 0.7876906991004944,
        "precision_B-ITEM": 0.6601941585540771,
        "recall_B-ITEM": 0.5666666626930237,
        "f1_B-ITEM": 0.6098654866218567,
        "precision_I-ITEM": 0.7518518567085266,
        "recall_I-ITEM": 0.7097902297973633,
        "f1_I-ITEM": 0.730215847492218
    }
}
