{
    "lr-AdamW": 2.5e-06,
    "train": {
        "loss": 0.018410123884677887,
        "precision_macro": 0.957687258720398,
        "recall_macro": 0.9566405415534973,
        "f1_macro": 0.9571487307548523,
        "precision_O": 0.9964339733123779,
        "recall_O": 0.995989978313446,
        "f1_O": 0.9962119460105896,
        "precision_B-SPELL": 0.9547606706619263,
        "recall_B-SPELL": 0.9478006362915039,
        "f1_B-SPELL": 0.9512678980827332,
        "precision_I-SPELL": 0.9528369903564453,
        "recall_I-SPELL": 0.9634678363800049,
        "f1_I-SPELL": 0.9581229090690613,
        "precision_B-MONSTER": 0.9376214146614075,
        "recall_B-MONSTER": 0.9232538342475891,
        "f1_B-MONSTER": 0.9303821325302124,
        "precision_I-MONSTER": 0.9577614665031433,
        "recall_I-MONSTER": 0.9599065184593201,
        "f1_I-MONSTER": 0.9588328003883362,
        "precision_B-ITEM": 0.94327712059021,
        "recall_B-ITEM": 0.9403915405273438,
        "f1_B-ITEM": 0.9418321251869202,
        "precision_I-ITEM": 0.9611192345619202,
        "recall_I-ITEM": 0.9656739830970764,
        "f1_I-ITEM": 0.9633912444114685
    },
    "epoch": 28,
    "step": 48384,
    "val": {
        "loss": 0.030214503407478333,
        "precision_macro": 0.806743323802948,
        "recall_macro": 0.8517480492591858,
        "f1_macro": 0.8274474143981934,
        "precision_O": 0.9967783093452454,
        "recall_O": 0.9944408535957336,
        "f1_O": 0.9956082105636597,
        "precision_B-SPELL": 0.9399892091751099,
        "recall_B-SPELL": 0.9617290496826172,
        "f1_B-SPELL": 0.9507349133491516,
        "precision_I-SPELL": 0.9342511296272278,
        "recall_I-SPELL": 0.9739348888397217,
        "f1_I-SPELL": 0.9536803364753723,
        "precision_B-MONSTER": 0.746442437171936,
        "recall_B-MONSTER": 0.7248743772506714,
        "f1_B-MONSTER": 0.7355003356933594,
        "precision_I-MONSTER": 0.7653208374977112,
        "recall_I-MONSTER": 0.795428991317749,
        "f1_I-MONSTER": 0.780084490776062,
        "precision_B-ITEM": 0.5859375,
        "recall_B-ITEM": 0.6696428656578064,
        "f1_B-ITEM": 0.625,
        "precision_I-ITEM": 0.6784840822219849,
        "recall_I-ITEM": 0.8421851396560669,
        "f1_I-ITEM": 0.7515233755111694
    },
    "test": {
        "loss": 0.03217477351427078,
        "precision_macro": 0.8221064209938049,
        "recall_macro": 0.8469916582107544,
        "f1_macro": 0.8333739042282104,
        "precision_O": 0.9971688985824585,
        "recall_O": 0.9939642548561096,
        "f1_O": 0.9955639839172363,
        "precision_B-SPELL": 0.9214202761650085,
        "recall_B-SPELL": 0.9693815112113953,
        "f1_B-SPELL": 0.944792628288269,
        "precision_I-SPELL": 0.9046306014060974,
        "recall_I-SPELL": 0.9824475646018982,
        "f1_I-SPELL": 0.9419346451759338,
        "precision_B-MONSTER": 0.765739381313324,
        "recall_B-MONSTER": 0.7077131271362305,
        "f1_B-MONSTER": 0.7355836629867554,
        "precision_I-MONSTER": 0.7976241111755371,
        "recall_I-MONSTER": 0.7736625671386719,
        "f1_I-MONSTER": 0.7854606509208679,
        "precision_B-ITEM": 0.6744186282157898,
        "recall_B-ITEM": 0.6904761791229248,
        "f1_B-ITEM": 0.6823529601097107,
        "precision_I-ITEM": 0.693743109703064,
        "recall_I-ITEM": 0.8112965226173401,
        "f1_I-ITEM": 0.7479289770126343
    }
}
