{
    "train": {
        "loss": 0.0002710828557610512,
        "precision_macro": 0.9904145002365112,
        "recall_macro": 0.9924247860908508,
        "f1_macro": 0.9914144277572632,
        "precision_O": 0.9998860955238342,
        "recall_O": 0.9998476505279541,
        "f1_O": 0.9998668432235718,
        "precision_B-SPELL": 0.9954545497894287,
        "recall_B-SPELL": 0.996558427810669,
        "f1_B-SPELL": 0.996006190776825,
        "precision_I-SPELL": 0.9997789859771729,
        "recall_I-SPELL": 0.9997053742408752,
        "f1_I-SPELL": 0.9997421503067017,
        "precision_B-MONSTER": 0.9573721289634705,
        "recall_B-MONSTER": 0.969199538230896,
        "f1_B-MONSTER": 0.9632495045661926,
        "precision_I-MONSTER": 0.9993035197257996,
        "recall_I-MONSTER": 0.9996833205223083,
        "f1_I-MONSTER": 0.9994933605194092,
        "precision_B-ITEM": 0.9822379946708679,
        "recall_B-ITEM": 0.9831110835075378,
        "f1_B-ITEM": 0.9826743602752686,
        "precision_I-ITEM": 0.9988681674003601,
        "recall_I-ITEM": 0.9988681674003601,
        "f1_I-ITEM": 0.9988681674003601
    },
    "epoch": 50,
    "step": 40250,
    "val": {
        "loss": 0.06103106215596199,
        "precision_macro": 0.7706927061080933,
        "recall_macro": 0.820896327495575,
        "f1_macro": 0.7856607437133789,
        "precision_O": 0.996825635433197,
        "recall_O": 0.9902946949005127,
        "f1_O": 0.9935494661331177,
        "precision_B-SPELL": 0.9395741820335388,
        "recall_B-SPELL": 0.9451968669891357,
        "f1_B-SPELL": 0.9423771500587463,
        "precision_I-SPELL": 0.8633747100830078,
        "recall_I-SPELL": 0.9576972723007202,
        "f1_I-SPELL": 0.908093273639679,
        "precision_B-MONSTER": 0.7855227589607239,
        "recall_B-MONSTER": 0.794037938117981,
        "f1_B-MONSTER": 0.7897574305534363,
        "precision_I-MONSTER": 0.6126616597175598,
        "recall_I-MONSTER": 0.8571428656578064,
        "f1_I-MONSTER": 0.7145692706108093,
        "precision_B-ITEM": 0.6593406796455383,
        "recall_B-ITEM": 0.4225352108478546,
        "f1_B-ITEM": 0.5150214433670044,
        "precision_I-ITEM": 0.5375494360923767,
        "recall_I-ITEM": 0.7793696522712708,
        "f1_I-ITEM": 0.6362572908401489
    },
    "test": {
        "loss": 0.0637049749493599,
        "precision_macro": 0.8207918405532837,
        "recall_macro": 0.844702959060669,
        "f1_macro": 0.8251141309738159,
        "precision_O": 0.9970617890357971,
        "recall_O": 0.9903389811515808,
        "f1_O": 0.9936890006065369,
        "precision_B-SPELL": 0.9303364157676697,
        "recall_B-SPELL": 0.9585889577865601,
        "f1_B-SPELL": 0.9442514181137085,
        "precision_I-SPELL": 0.8554014563560486,
        "recall_I-SPELL": 0.9699714183807373,
        "f1_I-SPELL": 0.9090909361839294,
        "precision_B-MONSTER": 0.8072776198387146,
        "recall_B-MONSTER": 0.7130952477455139,
        "f1_B-MONSTER": 0.7572692632675171,
        "precision_I-MONSTER": 0.591174304485321,
        "recall_I-MONSTER": 0.8092860579490662,
        "f1_I-MONSTER": 0.6832455396652222,
        "precision_B-ITEM": 0.8807339668273926,
        "recall_B-ITEM": 0.6274510025978088,
        "f1_B-ITEM": 0.732824444770813,
        "precision_I-ITEM": 0.683557391166687,
        "recall_I-ITEM": 0.8441889882087708,
        "f1_I-ITEM": 0.7554285526275635
    }
}
