step	f1_B-OBJECT
1702	0.6203887462615967
3405	0.8806658387184143
5108	0.9076884388923645
6811	0.9211705327033997
8514	0.9313938021659851
10217	0.9386823773384094
11920	0.9443190693855286
13623	0.9480901956558228
15326	0.9526558518409729
17029	0.9557655453681946
18732	0.9591972827911377
20435	0.9619871377944946
22138	0.9644895792007446
23841	0.9667683243751526
25544	0.9699793457984924
27247	0.9711909890174866
28950	0.9724968671798706
30653	0.9732584953308105
