step	f1_I-OBJECT
1702	0.7667487859725952
3405	0.9126332402229309
5108	0.9317697286605835
6811	0.9418351650238037
8514	0.9485695362091064
10217	0.9534921646118164
11920	0.9576136469841003
13623	0.9611767530441284
15326	0.964665949344635
17029	0.9674607515335083
18732	0.9709184169769287
20435	0.9735046029090881
22138	0.9752569198608398
23841	0.9771204590797424
25544	0.9794237017631531
27247	0.9806761145591736
28950	0.9815921783447266
30653	0.9825074076652527
