step	f1_macro
1702	0.7867570519447327
3405	0.927406907081604
5108	0.9435628652572632
6811	0.9518148303031921
8514	0.9577522277832031
10217	0.9620301723480225
11920	0.9654574990272522
13623	0.9680505990982056
15326	0.9708865880966187
17029	0.9729686975479126
18732	0.9754080176353455
20435	0.9773085713386536
22138	0.9788070917129517
23841	0.9802728891372681
25544	0.9822145700454712
27247	0.9830831289291382
28950	0.9838676452636719
30653	0.9844613075256348
