step	f1_O
1702	0.9731335639953613
3405	0.9889216423034668
5108	0.991230309009552
6811	0.992438793182373
8514	0.9932931661605835
10217	0.9939161539077759
11920	0.9944397807121277
13623	0.9948848485946655
15326	0.9953378438949585
17029	0.9956799149513245
18732	0.9961082935333252
20435	0.9964339137077332
22138	0.9966747760772705
23841	0.996929943561554
25544	0.9972405433654785
27247	0.9973822236061096
28950	0.9975137710571289
30653	0.9976180195808411
