step	precision_O
1702	0.9649549722671509
3405	0.9892013072967529
5108	0.9918078184127808
6811	0.9931750893592834
8514	0.9941419363021851
10217	0.9947897791862488
11920	0.9953170418739319
13623	0.9956797957420349
15326	0.9961921572685242
17029	0.9963986873626709
18732	0.9967513084411621
20435	0.9969858527183533
22138	0.997238039970398
23841	0.9973855018615723
25544	0.9976508617401123
27247	0.9978110194206238
28950	0.9978965520858765
30653	0.9980340003967285
