step	precision_B-OBJECT
1702	0.7545216679573059
3405	0.8942139744758606
5108	0.9179088473320007
6811	0.9290784597396851
8514	0.9376740455627441
10217	0.9439994096755981
11920	0.9482677578926086
13623	0.9515198469161987
15326	0.9550485014915466
17029	0.9578452706336975
18732	0.9607442021369934
20435	0.9632239937782288
22138	0.9658252596855164
23841	0.9675891995429993
25544	0.9709060788154602
27247	0.9720796942710876
28950	0.9732441306114197
30653	0.9736998081207275
