step	precision_macro
1702	0.8385851383209229
3405	0.9296382069587708
5108	0.9442192316055298
6811	0.9514970779418945
8514	0.9567441940307617
10217	0.9607250690460205
11920	0.9638240337371826
13623	0.9665224552154541
15326	0.9689505100250244
17029	0.9713404774665833
18732	0.9738706350326538
20435	0.9759602546691895
22138	0.9774452447891235
23841	0.9791073203086853
25544	0.9812020063400269
27247	0.9820065498352051
28950	0.982893705368042
30653	0.983320951461792
