step	precision_I-OBJECT
1702	0.796278715133667
3405	0.905499279499054
5108	0.9229410886764526
6811	0.9322378039360046
8514	0.9384164810180664
10217	0.9433860778808594
11920	0.9478873610496521
13623	0.9523678421974182
15326	0.9556108117103577
17029	0.9597773551940918
18732	0.9641163349151611
20435	0.9676709175109863
22138	0.9692723155021667
23841	0.9723471999168396
25544	0.9750491380691528
27247	0.9761288166046143
28950	0.9775404334068298
30653	0.9782291054725647
