step	recall_macro
1702	0.7491768598556519
3405	0.9253482222557068
5108	0.9430385828018188
6811	0.9522440433502197
8514	0.9588625431060791
10217	0.9634287357330322
11920	0.9671696424484253
13623	0.969642162322998
15326	0.9728848934173584
17029	0.9746416807174683
18732	0.9769794940948486
20435	0.978681743144989
22138	0.9801952838897705
23841	0.9814548492431641
25544	0.9832409024238586
27247	0.9841746091842651
28950	0.984853208065033
30653	0.9856144189834595
