step	recall_I-OBJECT
1702	0.7393307685852051
3405	0.9198805093765259
5108	0.9407689571380615
6811	0.9516322016716003
8514	0.9589446783065796
10217	0.9638171792030334
11920	0.9675415754318237
13623	0.9701501131057739
15326	0.9738944172859192
17029	0.9752681255340576
18732	0.977817177772522
20435	0.9794090986251831
22138	0.9813159704208374
23841	0.9819408059120178
25544	0.9838377237319946
27247	0.9852660298347473
28950	0.9856775999069214
30653	0.9868232011795044
