step	recall_O
1702	0.9814519882202148
3405	0.9886420369148254
5108	0.9906535148620605
6811	0.9917035698890686
8514	0.9924458265304565
10217	0.9930440783500671
11920	0.9935641288757324
13623	0.9940912127494812
15326	0.9944850206375122
17029	0.9949621558189392
18732	0.9954661130905151
20435	0.9958826303482056
22138	0.9961121678352356
23841	0.9964747428894043
25544	0.9968305826187134
27247	0.9969538450241089
28950	0.9971312880516052
30653	0.997202455997467
