step	recall_B-OBJECT
1702	0.5267477035522461
3405	0.8675220608711243
5108	0.8976931571960449
6811	0.9133961200714111
8514	0.9251971244812012
10217	0.9334248900413513
11920	0.9404032230377197
13623	0.944685161113739
15326	0.9502751231193542
17029	0.9536948204040527
18732	0.9576553106307983
20435	0.9607535004615784
22138	0.9631575345993042
23841	0.9659488797187805
25544	0.9690544009208679
27247	0.9703038930892944
28950	0.9717507362365723
30653	0.9728175401687622
